id_persona,documento,nombre,apellido,fecha_nacimiento,email,telefono,provincia,direccion
1,41455603,LUCA,gonzalez,1955-09-14,valentinogomez@example.net,,Córdoba,Calle  Corrientes N° 784
2,26 671 884,tomàs,GARCIA,01/02/99,genaroromero@example.org,+54 15 2651 1615,Entre Ríos,Diag. Tucumán N° 721
3,31-541-238,NICOLAS,  Rivero  ,11-10-1980,dante10@example.net,+54 15 2841 3164,Buenos Aires,Avenida La Rioja N° 234
4,27811165,Mateo Benjamin,Martinez,15-05-1969,juan-sebastian83@example.net,+54 9 3203 0564,Córdoba,Boulevard 6 N° 87
5,25 482 877,Antonio,moreno,1946-01-20,emmacastro@example.com,,Entre Ríos,  Calle 2 N° 37  
6,39-031-404,matias,  Alvarez  ,15-02-1979,jpereyra@example.org,+54 15 2384 5146,Neuquén,Blv. Ushuaia N° 389
7,37 096 865,IAN EZEQUIEL,aguero,30/05/57,felipecoronel@example.net,+54 15 2595 7015,Neuquén,Avenida 2 N° 82
8,20385239,Ema,Rojas,21-10-1944,kleiva@example.com,+54 9 3838 3465,Misiones,Av. Rivadavia N° 61
9,41.439.587,salvador,MARTINEZ,1951-09-13,vegaisabella@example.org,+54 15 2451 8347,Tucumán,Diagonal San Luis N° 837
10,22642648,Santiago,  gomez  ,03/02/1967,uramirez@example.org,+54 15 2406 5133,Salta,Calle Córdoba N° 283
11,43.148.116,Micaela,Mendez,1942-10-09,martingabriel@example.org,,Buenos Aires,Blv. Córdoba N° 7794
12,22382132,   antonella  ,  Suarez  ,27/06/49,leonsilva@example.net,+54 15 2950 0978,Neuquén,Blv. 2 N° 2149
13,33.658.665,  LOLA  ,Acuña,1977-03-18,riosciro@example.net,+54 9 3343 5346,Córdoba,Avenida La Pampa N° 8120
14,23.666.460,bautista,Diaz,1954-12-26,justina35@example.com,+54 15 2978 4980,Misiones,Diagonal Ushuaia N° 22
15,20495191,maria emilia,fernandez,11/03/1956,luciodiaz@example.net,+54 9 3587 4016,Tucumán,Avenida 3 N° 348
16,43 373 732,nicolas,FLORES,30-04-1936,,+54 15 2159 8262,Misiones,Camino  Santa Fe N° 4045
17,37039896,   vicente  ,sosa,30/06/1976,vvaldez@example.org,,Córdoba,Camino Malvinas Argentinas N° 32
18,28.749.844,Olivia,Gonzalez,1969-12-26,,+54 15 2230 3654,Neuquén,  Avenida Alem N° 681  
19,28.898.649,Juan Ignacio,Valdez,29-08-1948,martina96@example.com,+54 9 3469 8169,,Diagonal Constitución N° 486
20,42259631,lorenzo,duarte,04-11-2002,antonella14@example.net,+54 9 3465 6482,Tucumán,Boulevard San Juan N° 527
21,21704528,Manuel,Gonzalez,27-07-1956,mcaceres@example.net,+54 9 3377 7387,Salta,  Avenida Santiago del Estero N° 254  
22,43.186.770,FELICITAS,martinez,28-02-1950,gonzalezdylan-benjamin@example.net,+54 15 2776 9367,Buenos Aires,Diagonal Constitución N° 4136
23,23-449-181,Luciana,ledesma,15/07/1969,bastiangomez@example.org,,Entre Ríos,Boulevard La Rioja N° 5747
24,44.664.438,Giuliana,Garcia,24/05/1992,rmorales@example.com,+54 15 2243 4558,Entre Ríos,Avenida 3 N° 717
25,20.794.046,Ignacio,Medina,03-03-1940,xalvarez@example.net,,Tucumán,Blv. J.B. Alberdi N° 488
26,23 637 385,Delfina,BENITEZ,28-09-1937,,+54 15 2198 0699,Misiones,Av. 8 N° 57
27,44.895.713,Ignacio,Acosta,1960-04-06,agarcia@example.com,+54 15 2270 8053,Tucumán,Diagonal Malvinas Argentinas N° 44
28,38.602.995,giuliana,rios,1953-01-14,kcarrizo@example.org,+54 9 3345 2991,Neuquén,Calle San Martin N° 7946
29,42.670.288,Bautista,ledesma,31-05-1981,quirogajulieta@example.net,+54 15 2290 5865,Mendoza,Avenida Misiones N° 6186
30,20819580,lucia,BENITEZ,11/03/1989,mora87@example.com,+54 9 3894 5314,Salta,Av.  7 N° 637
31,23 576 476,pilar,  Sosa  ,1954-06-26,emiliano48@example.org,+54 15 2813 6783,Misiones,Av. Ciudad Autónoma de Buenos Aires N° 47
32,34 850 299,Helena,Sanchez,29-01-1978,wcastro@example.com,+54 9 3257 4443,Mendoza,  Avenida Tucumán N° 424  
33,29-117-246,Tiziano  Benjamin,perez,31/08/1978,,+54 9 3124 0824,Misiones,  Av. Alvear N° 1751  
34,33068673,Valentin,Benitez,30/01/49,perezmorena-jazmin@example.org,+54 15 2367 1902,Neuquén,Boulevard Belgrano N° 7148
35,36295441,Octavio,Alvarez,12/12/2001,candela64@example.net,+54 15 2391 3341,Salta,Av.  3 N° 88
36,34.381.858,Juana,Martinez,27/03/87,orodriguez@example.com,+54 15 2361 8324,Salta,   Calle 5 N° 598  
37,38099899,Juan  Ignacio,LEDESMA,15/09/1986,guillermina77@example.org,+54 15 2465 9401,Mendoza,Diag. Mitre N° 501
38,27 313 676,Paulina,LOPEZ,05-07-1973,lavila@example.net,,Tucumán,Camino La Pampa N° 577
39,43.991.912,ZOE VALENTINA,  molina  ,1968-10-29,valentina16@example.net,+54 15 2687 6038,Buenos Aires,Av. Neuquén N° 9334
40,36-977-226,DYLAN,BENITEZ,07/08/86,gonzalezagustin@example.org,+54 15 2448 0861,Misiones,Boulevard 112 B N° 954
41,38 058 086,Renata,Suarez,1970-02-05,ymolina@example.org,+54 15 2114 6584,Chaco,Avenida Neuquén N° 378
42,36-586-173,mateo benjamin,Romero,01-12-1975,umedina@example.org,+54 15 2896 3605,Mendoza,Diag. Mendoza N° 1237
43,28 063 933,Juan  Bautista,Luna,11-02-1999,dgomez@example.org,+54 15 2762 1745,Misiones,Camino Santiago del Estero N° 8695
44,31-099-514,Martina,RODRIGUEZ,13/09/1981,mateo-joaquin16@example.org,+54 15 2172 4005,Tucumán,Avenida San Ferando del Valle de Catamarca N° 73
45,29495860,mateo,  Rodriguez  ,14-03-1999,,,Tucumán,  Av. 6 N° 5486  
46,36471155,JUAN GABRIEL,Diaz,16-09-1963,ygomez@example.net,+54 9 3194 4064,Córdoba,  Diagonal Tucumán N° 5947  
47,21.798.822,sofía,SOSA,05/02/82,agostina21@example.net,+54 15 2247 0952,Mendoza,Avenida J.B. Alberdi N° 39
48,29 977 515,Thiago  Lionel,TORRES,03/04/1972,ludmila47@example.com,,Mendoza,   Diagonal Constitución N° 861  
49,35 116 395,  Felicitas  ,Carrizo,19/04/1978,santino37@example.org,+54 9 3293 1746,Neuquén,Boulevard 5 N° 4191
50,38.272.481,valentino,  ACOSTA  ,27-07-1984,ununez@example.org,+54 9 3617 9640,Tucumán,Av. 4 N° 9165
51,36 569 018,ISABELLA,Perez,22/04/2006,ngomez@example.net,+54 15 2205 3293,Neuquén,  Av. Mitre N° 46  
52,29043289,octavio,Caceres,18/02/79,alma-mia22@example.net,+54 9 3421 0205,Salta,Calle Formosa N° 79
53,31 066 374,Santino,RODRIGUEZ,07-05-1968,agustina17@example.net,+54 15 2190 8470,Misiones,  Diag. 117 B N° 272  
54,35 501 353,JUAN CRUZ,Fernandez,01/11/1944,olivia98@example.com,+54 9 3489 6118,Tucumán,Camino Santa Rosa N° 777
55,41.140.039,sebastian,  Sanchez  ,1958-06-10,thiago27@example.org,,Santa Fe,Blv. 9 N° 761
56,29 174 617,Francisca,acuña,02/07/1966,martinjuan-martin@example.com,+54 15 2298 3273,Salta,Av. Bahía Blanca N° 7993
57,20-086-075,Martin,Maldonado,01/06/80,cabreramilagros@example.net,+54 9 3102 4455,Misiones,Calle 7 N° 12
58,43.404.163,Thiago Valentin,DIAZ,10/04/66,mateo45@example.net,+54 15 2502 2901,Santa Fe,  Av. Viedma N° 494  
59,39-803-169,JUAN IGNACIO,  Flores  ,20/04/1956,,+54 15 2469 0034,Tucumán,Diagonal Güemes N° 870
60,31 024 831,Joaquin,Alvarez,1986-12-29,bautista06@example.org,+54 9 3715 9696,Tucumán,Av. Paraná N° 86
61,23303203,Catalina,  FARIAS  ,21-05-1953,zpereyra@example.com,+54 9 3935 2181,Mendoza,Boulevard La Rioja N° 422
62,25.703.704,FELIPE,diaz,08/08/1979,lopezthiago-nahuel@example.com,+54 9 3699 7995,Tucumán,Calle 8 N° 146
63,29.651.317,BIANCA,Sanchez,12-08-1968,torresemilia@example.net,+54 15 2999 8679,Salta,  Diagonal San Martin N° 469  
64,32-044-670,  Sofía  ,Gimenez,2005-07-16,vgomez@example.net,+54 15 2982 0377,Tucumán,Calle La Rioja N° 6616
65,27.348.572,Francesco,moreno,1940-06-08,castrofrancesca@example.com,+54 15 2751 9254,Neuquén,  Diagonal 2 N° 636  
66,30 962 874,valentina ,Rivero,22/07/1989,morenopedro@example.com,+54 15 2454 2357,Chaco,Calle 2 N° 991
67,23 864 454,  MIGUEL ANGEL  ,Cruz,19-05-1938,thiago-lionel92@example.net,+54 9 3122 2927,Tucumán,Diagonal Comodoro Rivadavia N° 8944
68,42-560-013,Mateo Benjamin,SANCHEZ,28-08-1994,mbarrios@example.com,+54 9 3374 6886,Córdoba,Diag. Saavedra N° 6097
69,41 784 860,  LUCAS BENJAMIN  ,Vera,15/04/1973,garciapaulina@example.com,+54 9 3682 6137,Chaco,Av. J.B. Alberdi N° 732
70,38 125 852,thiago,Gonzalez,30-07-2003,,+54 9 3127 7901,Chaco,Diag. Posadas N° 7928
71,43-007-611,  Octavio  ,MARTINEZ,1944-07-08,ciroarias@example.com,+54 15 2417 9808,Neuquén,  Avenida Ciudad Autónoma de Buenos Aires N° 733  
72,24.225.304,VICENTE,rodriguez,11/10/2006,moyanojuan-pablo@example.net,+54 15 2167 0654,Tucumán,  Calle Comodoro Rivadavia N° 613  
73,28.410.559,MARTINA,MOLINA,05-01-1995,,+54 9 3422 1704,Santa Fe,Calle 1 N° 974
74,35 980 162,Juan Sebastian,molina,12-02-1954,emiliaguzman@example.org,+54 9 3741 5667,Buenos Aires,Calle San Luis N° 528
75,23 622 597,   Ian Benjamin  ,  rodriguez  ,09-08-1979,manuelsanchez@example.org,+54 9 3844 7962,Tucumán,Calle  Santiago del Estero N° 5916
76,43547809,bautista,Godoy,23/02/62,benjamin-alejandrofernandez@example.net,+54 9 3702 1355,Entre Ríos,Calle Saavedra N° 658
77,35913789,PAULINA,SILVA,11/04/1974,rsanchez@example.org,+54 15 2202 7868,Misiones,Avenida La Rioja N° 58
78,42 325 123,SOFIA,  Fernandez  ,11/01/1941,tiziano-valentinacosta@example.org,+54 9 3351 8844,Córdoba,Boulevard Santa Fe N° 69
79,29.347.198,Francisco,VELAZQUEZ,12-06-1993,,+54 9 3578 2911,Tucumán,Diagonal Chilecito N° 263
80,24 806 722,  RENZO  ,  MORENO  ,22/06/68,valentino89@example.org,+54 15 2568 0182,Entre Ríos,Avenida 4 N° 528
81,40005950,VALENTINA,GODOY,02/11/75,luciacabrera@example.org,+54 15 2699 2299,Tucumán,Av. Pte. Perón N° 5140
82,23-720-843,Camilo,ramirez,1982-04-10,ipaez@example.com,+54 9 3173 6471,Santa Fe,Av. 8 N° 36
83,36 689 482,  candela  ,sanchez,02-10-2007,,+54 15 2453 7147,Buenos Aires,Calle  7 N° 3663
84,30 504 571,Lucas Benjamin,MUÑOZ,25/06/1949,guillerminagutierrez@example.com,+54 9 3470 1687,Entre Ríos,Avenida 1 N° 859
85,39 759 241,MATEO BENJAMIN,Farias,1967-01-31,ian-benjamin65@example.org,,Misiones,Av. 9 N° 239
86,41.657.472,  candelaria  ,ruiz,1993-08-27,lautaro-benjamin52@example.org,+54 9 3880 0025,Chaco,Calle Salta N° 63
87,42-855-046,Francesca,Rios,1997-02-19,bianca88@example.com,,Chaco,  Diagonal Alvear N° 895  
88,22574665,Nahiara,VARGAS,14/04/1992,joaquinnunez@example.org,+54 9 3123 0913,Santa Fe,Av. Santa Rosa N° 968
89,31523859,  luna  ,Ponce,03-03-1940,maximocastro@example.net,+54 9 3686 5278,Salta,Diagonal  Tucumán N° 844
90,41-169-040,GINO,Garcia,01/06/1957,milo37@example.com,+54 9 3958 4419,Santa Fe,Blv. Rosario N° 512
91,42 217 569,emilia,Vera,28-11-1960,vferreyra@example.com,+54 15 2238 4842,Misiones,Av. Entre Ríos N° 94
92,20-611-715,Luca,Rodriguez,18/10/1965,,+54 15 2582 6773,Córdoba,Diagonal San Miguel de Tucumán N° 9913
93,37667469,Ian Ezequiel,Lopez,12/01/2000,lucas-benjamingonzalez@example.com,,Entre Ríos,Avenida J.M. de Rosas N° 8838
94,29 560 594,mia jazmin,Herrera,13/09/49,romeromaria-paz@example.net,+54 9 3320 5493,Salta,Diagonal Mendoza N° 2875
95,26.700.743,  Valentina   ,Lopez,1945-11-21,santiago-nicolas04@example.com,+54 15 2174 5499,Tucumán,Avenida Comodoro Rivadavia N° 28
96,23.077.396,Julieta,  Ramirez  ,23/04/1972,helena45@example.net,,,Av. Chilecito N° 2393
97,41-809-061,  tomàs  ,Quiroga,29/04/41,rodriguezmanuel@example.net,,,Avenida 8 N° 98
98,44 401 950,ALMA VALENTINA,  ACOSTA  ,03/02/73,,+54 9 3206 4039,Chaco,  Avenida 2 N° 208  
99,28.118.096,Martina,ramirez,1991-10-05,ytorres@example.com,+54 9 3361 8251,Misiones,Avenida 130 A N° 9477
100,20 682 306,  Julia  ,Paz,1953-09-10,felipe31@example.org,+54 9 3190 3311,Córdoba,Diagonal Santiago del Estero N° 17
101,21-487-658,Simon,Rojas,11/09/1990,fernandezpriscila@example.org,,,Avenida 1 N° 397
102,21-406-130,Lautaro Benjamin,Gonzalez,07/10/1960,ucaceres@example.net,+54 9 3862 4628,Buenos Aires,Avenida 3 N° 7078
103,32 348 674,Lautaro Benjamin,Fernandez,09/05/53,ignaciorodriguez@example.com,+54 9 3118 3046,Tucumán,Calle  Malvinas Argentinas N° 488
104,40.214.978,Sofia,Barrios,04/10/57,diazsantiago@example.net,+54 15 2973 9363,Chaco,Avenida La Rioja N° 555
105,34-594-181,  BENICIO  ,Cruz,23/08/1969,ucoronel@example.org,+54 9 3156 0932,Neuquén,Boulevard Neuquén N° 344
106,27-918-690,Ignacio,alvarez,17-06-1996,rmolina@example.com,,Santa Fe,Av. San Juan N° 1028
107,28375577,ROSARIO,Carrizo,04-06-1991,ofernandez@example.org,+54 15 2120 3875,Neuquén,Diagonal Santa Cruz N° 1790
108,24.115.029,NICOLAS,Gonzalez,10-04-1974,mateo-benjamin40@example.net,+54 9 3421 1823,Misiones,Avenida La Rioja N° 266
109,43.884.350,Rafael,medina,18/05/53,,+54 15 2116 6687,Entre Ríos,Diagonal Catamarca N° 626
110,22892911,Kiara,Ayala,1952-05-25,eperez@example.net,+54 9 3489 0250,Córdoba,Diagonal Tierra del Fuego N° 3144
111,38.498.673,tiziano,ROLDAN,18-01-1985,olivia21@example.net,+54 9 3701 6315,Mendoza,Avenida Alem N° 847
112,22-646-099,benicio,acuña,1967-02-24,nrodriguez@example.com,+54 15 2711 4262,Neuquén,Calle Constitución N° 5725
113,40-305-092,VALENTINO,LOPEZ,22-05-1968,fgomez@example.com,+54 15 2799 5604,Salta,  Calle Ushuaia N° 933  
114,38-306-542,Ramiro,Lopez,1955-04-04,morena12@example.com,+54 9 3464 7154,Chaco,Av. Santa Cruz N° 23
115,44-104-258,Julieta,Duarte,17/11/1959,vcordoba@example.com,+54 9 3469 2459,Mendoza,  Calle San Salvador de Jujuy N° 4467  
116,40 648 640,thiago,Maldonado,23/04/1964,soriasofia@example.net,+54 15 2280 7374,Misiones,Diagonal J.B. Alberdi N° 524
117,23 021 546,Valentina,  Fernandez  ,07/07/66,mrodriguez@example.com,,Córdoba,Boulevard Chaco N° 1572
118,33-530-961,NAHIARA,romero,01/10/93,gonzalezvalentina@example.net,+54 15 2375 6798,Tucumán,Calle Bahía Blanca N° 231
119,24317226,Lautaro,Romero,16/11/92,gsosa@example.com,,Santa Fe,Diagonal Córdoba N° 3398
120,24.997.619,Mateo,Castro,05-08-2005,lourdesmorales@example.org,+54 9 3760 9379,Misiones,Diagonal Rawson N° 291
121,20-558-243,Santiago,Romero,1969-01-10,felicitas78@example.net,+54 9 3696 9691,Neuquén,Av. Resistencia N° 2439
122,25 721 435,josefina,MARTINEZ,29/02/44,juliana86@example.com,+54 15 2396 6278,Salta,Av. Chubut N° 81
123,44690601,mateo ezequiel,Moyano,01/01/1971,augustosoto@example.net,+54 9 3267 6772,Misiones,Diagonal Entre Ríos N° 494
124,41-585-871,Emilia,Vargas,01-12-1976,hmolina@example.net,+54 15 2948 5807,Chaco,Av. 4 N° 850
125,44-215-038,  Lautaro  ,Maldonado,05-09-1967,ramosemma@example.net,+54 9 3496 2923,Tucumán,Av.  J.J. Castelli N° 368
126,34-843-679,Ema,Garcia,08/06/1977,fernandezlautaro-ezequiel@example.com,+54 15 2442 2325,Mendoza,Diagonal J.M. de Rosas N° 57
127,41.405.867,  THIAGO  ,  Rodriguez  ,1993-08-19,ruizlautaro-ezequiel@example.net,+54 9 3877 5901,Santa Fe,Diagonal Catamarca N° 7643
128,36.020.513,Morena,SANCHEZ,1956-04-29,tizianosuarez@example.com,+54 15 2801 7012,Santa Fe,  Blv. Santa Rosa N° 35  
129,36.622.325,Mateo,SORIA,18/08/55,valentina52@example.org,+54 9 3443 6110,Chaco,  Calle Comodoro Rivadavia N° 171  
130,29.154.893,JULIANA,Maldonado,06-10-2007,eledesma@example.org,+54 15 2561 1155,Mendoza,Diagonal 3 N° 229
131,34-351-339,LUCAS,cabrera,1947-08-10,joaquin26@example.net,+54 9 3731 1219,Tucumán,Av. Santa Fe N° 52
132,20-383-719,Valentina,JUAREZ,09-04-1988,fausto04@example.org,+54 15 2264 0376,Tucumán,Diagonal 2 N° 606
133,36.045.122,Valentino,Guzman,12/02/1977,manuel27@example.org,+54 15 2191 0430,Neuquén,  Avenida Güemes N° 787  
134,43-614-472,CONSTANZA,rodriguez,17-10-1974,victoriasanchez@example.net,+54 15 2528 5691,Mendoza,Diagonal Entre Ríos N° 27
135,34947918,  Juan Ignacio  ,CABRERA,23-08-1939,juan-ignaciovega@example.net,+54 15 2327 5884,Buenos Aires,Diagonal  Santiago del Estero N° 161
136,31560470,MICAELA,  Perez  ,15/04/1940,aguirrebianca@example.org,+54 9 3292 5241,Salta,Av. 1 N° 1083
137,32 666 675,GUADALUPE,ayala,08/09/1948,castrouma@example.net,+54 9 3235 3654,Santa Fe,Calle  Santiago del Estero N° 9213
138,20-762-870,Benjamin Alejandro,Rodriguez,30-07-1969,thiago-nahuel45@example.org,+54 9 3405 3494,,Av. Chilecito N° 4338
139,20.524.985,  benjamin  ,Ramirez,1952-08-19,juan-manuel05@example.org,,Chaco,Blv. Saavedra N° 114
140,21.893.947,Alfonsina,Gutierrez,15-10-1986,malena19@example.org,+54 15 2361 9906,Misiones,Avenida  6 N° 6685
141,39.853.054,Victoria,Rodriguez,04-06-1950,fernandezmateo@example.com,+54 9 3561 8537,Tucumán,Camino Mar del Plata N° 51
142,27-561-308,delfina,Mendez,14/06/1946,leonruiz@example.org,+54 9 3942 0678,Entre Ríos,Av. Santa Fe N° 1140
143,23.102.576,VALENTINO,PAZ,19/10/1962,nunezvalentina@example.org,+54 15 2213 7215,Entre Ríos,Av. 3 N° 8616
144,26376137,Olivia,flores,18-06-1961,victoriaacosta@example.org,+54 15 2799 9347,Misiones,Av. Belgrano N° 742
145,36 685 857,SANTINO BENJAMIN,Figueroa,24/10/53,,+54 9 3787 5985,,Calle Viedma N° 51
146,44 159 591,Alma Valentina,Herrera,19-09-1961,martingomez@example.net,+54 15 2648 0396,Chaco,Blv. Saavedra N° 66
147,24 696 228,uma ,GONZALEZ,1986-10-07,lucaslopez@example.com,+54 9 3427 0103,Buenos Aires,Av. 6 N° 6332
148,43.728.673,BASTIAN,FARIAS,01/04/59,fernandezfederico@example.org,,Misiones,  Avenida Resistencia N° 866  
149,29-218-769,JOAQUIN,Martin,1986-04-04,delfina92@example.com,+54 9 3142 2096,Mendoza,Avenida 4 N° 813
150,28 969 929,IGNACIO,rodriguez,1960-12-10,mateo15@example.com,+54 15 2243 3154,Buenos Aires,Calle Neuquén N° 728
151,21882904,  justina  ,Sosa,1963-01-10,kcaceres@example.net,+54 15 2627 1040,Mendoza,Calle Paraná N° 73
152,35-955-142,MARIA PAZ,Molina,2001-03-10,romerolucas-ezequiel@example.com,+54 15 2262 9620,Buenos Aires,Blv. Santa Rosa N° 585
153,43 914 626,JUANA,Gomez,22/04/64,xfernandez@example.org,+54 9 3114 9731,Córdoba,Diagonal  2 N° 571
154,34.666.248,AGUSTIN,Escobar,21-12-1954,ylopez@example.com,+54 15 2470 4774,Mendoza,Av. Saavedra N° 6191
155,42 806 774,RENATA,navarro,26/03/1952,mansillasara@example.com,+54 9 3193 7416,Santa Fe,Boulevard San Luis N° 392
156,20-174-322,Santino Agustin,  acosta  ,27/11/04,renzocordoba@example.org,,Misiones,Diagonal Santa Fe N° 79
157,32926439,Camila,romero,15/10/55,aavila@example.net,+54 9 3216 2299,Tucumán,  Av. Belgrano N° 7855  
158,34-129-849,Olivia,suarez,30/01/1980,lopezlola@example.net,+54 9 3506 5307,Buenos Aires,Calle Pte. Perón N° 8424
159,31 057 585,Renzo,martinez,24/07/1957,uramos@example.com,+54 9 3891 3736,Salta,Camino Pte. Perón N° 32
160,36.475.471,Josefina,Gimenez,11/07/1945,lopezthiago-lionel@example.org,+54 15 2530 7053,,Av. San Salvador de Jujuy N° 114
161,27 034 632,Thiago,Luna,03-08-1948,wnunez@example.com,+54 15 2341 4060,Salta,  Diagonal Rivadavia N° 5373  
162,36 080 448,Agustina,Guzman,2006-03-24,herreravalentino@example.org,+54 15 2734 9446,Entre Ríos,Av. Rivadavia N° 728
163,41 643 655,Benjamin,  FRANCO  ,07/03/2006,lucas99@example.com,+54 9 3517 1545,Neuquén,Diagonal Ushuaia N° 339
164,36199109,Bautista Benjamin,MENDOZA,03-06-1994,rdominguez@example.org,+54 15 2174 4666,Mendoza,Blv.  Corrientes N° 983
165,44 226 096,   Mia Morena  ,  CARRIZO  ,1972-08-29,maitelucero@example.org,+54 9 3617 2482,Mendoza,Avenida Entre Ríos N° 746
166,34 306 582,thiago,nuñez,1969-06-24,herreramateo-ezequiel@example.net,+54 15 2573 8168,Chaco,Camino San Ferando del Valle de Catamarca N° 46
167,26-904-981,RENATA,ortiz,2001-10-23,tfernandez@example.org,+54 15 2875 2500,Misiones,Diagonal Resistencia N° 822
168,33171591,Valentino,benitez,21-12-1966,ymartin@example.org,+54 15 2483 5058,Santa Fe,Calle 4 N° 65
169,32.526.073,Valentino,Alvarez,07/08/1978,bautistagonzalez@example.com,+54 9 3689 8562,Santa Fe,Av. 126 A N° 43
170,32047355,  Delfina  ,Gonzalez,18/06/72,torresjeremias@example.org,,Buenos Aires,Calle  Tierra del Fuego N° 87
171,27-544-493,juan ignacio,Perez,1986-11-11,julianamorales@example.com,+54 9 3718 4992,Entre Ríos,Calle Alvear N° 242
172,34.809.804,  Guillermina  ,cabrera,01/06/92,benicioramirez@example.org,+54 15 2187 3753,Córdoba,Calle 2 N° 2792
173,27.950.590,Bautista,Muñoz,04/09/2001,facundobravo@example.com,+54 9 3601 2045,Neuquén,Calle Santiago del Estero N° 3030
174,30-860-013,Ignacio,  ESCOBAR  ,07/05/05,enzo15@example.com,+54 15 2816 6746,Santa Fe,  Diagonal Malvinas Argentinas N° 31  
175,30.807.772,Lautaro Gabriel,Farias,1943-03-13,rfigueroa@example.com,+54 15 2896 5902,Córdoba,Calle J.B. Alberdi N° 561
176,32 383 973,Benjamin,AGUERO,08-12-1973,emacarrizo@example.com,+54 15 2963 7562,Salta,Diagonal San Martin N° 928
177,29-010-601,Mia Jazmin,Aguero,1941-02-02,,+54 15 2283 8663,,Diag. La Rioja N° 88
178,35318206,Josefina,chavez,11-01-1990,gomezrenata@example.net,+54 15 2419 9488,Córdoba,Av. La Pampa N° 480
179,33-299-016,ignacio,  VAZQUEZ  ,04/06/1979,thiago-agustin11@example.net,+54 15 2605 5488,,Calle Córdoba N° 256
180,34.170.504,  Tomas  ,  LOPEZ  ,14-07-2003,ydiaz@example.org,+54 9 3816 0917,Santa Fe,Blv.  Chubut N° 1098
181,38900916,santiago nicolas,mansilla,17/11/70,helenalopez@example.org,,Córdoba,  Boulevard 146 A N° 3437  
182,31 795 578,Renata,QUIROGA,06-04-1990,valentina-jazmin85@example.net,+54 15 2333 9452,Tucumán,Diagonal La Pampa N° 958
183,33-144-982,MARIA VICTORIA,leiva,19/06/87,enzo60@example.net,,Buenos Aires,Calle Güemes N° 125
184,39 071 681,Sofia,Rojas,1961-10-22,rgomez@example.net,,,  Blv. San Juan N° 118  
185,36-999-031,Maria Emilia,diaz,20/01/1999,orivero@example.net,+54 9 3898 9334,Entre Ríos,Diagonal 3 N° 7811
186,42852436,Pedro,   castro  ,13/02/45,benjamin72@example.org,+54 15 2959 0947,Buenos Aires,Diagonal Paraná N° 922
187,24007842,maia,Fernandez,09-04-1975,ogomez@example.org,+54 9 3855 4398,Tucumán,  Diag. 101 Bis N° 474  
188,31 241 104,Rafael,CASTILLO,1959-01-20,alvarezjuan-pablo@example.com,+54 15 2185 8877,Entre Ríos,Diagonal Paraná N° 319
189,42619728,julia,MORALES,05/01/51,santino-ezequielflores@example.org,+54 15 2686 1207,Buenos Aires,Calle 3 N° 4851
190,34.071.698,Lola,Acosta,24-02-1965,benjamin18@example.org,+54 15 2590 1581,Buenos Aires,Avenida Belgrano N° 777
191,33452805,Gael,Gonzalez,1947-01-14,valentinoalvarez@example.net,+54 9 3324 5088,Tucumán,Calle 7 N° 514
192,36.554.437,lautaro ezequiel,BARRIOS,1960-09-22,gbarrios@example.org,,Salta,Av. Buenos Aires N° 9827
193,37.777.624,Juana,rodriguez,17/10/1942,wduarte@example.org,+54 15 2814 9135,Entre Ríos,Diagonal Corrientes N° 626
194,36.959.341,  Gino  ,Lopez,28-06-1958,luz-milagrosgodoy@example.com,+54 9 3525 7775,Salta,Calle Salta N° 349
195,29.125.324,SANTIAGO,PONCE,15/05/81,paezjuan-francisco@example.net,+54 15 2999 6930,Entre Ríos,Camino Posadas N° 672
196,28892190,DELFINA,RAMOS,24/02/1989,valentino88@example.org,+54 9 3958 0392,Entre Ríos,  Calle 3 N° 671  
197,25834033,Delfina,  suarez  ,19/03/1940,francisco38@example.com,,Mendoza,Avenida Tucumán N° 378
198,41149276,Jeremias,TORRES,27/04/1983,gutierrezthiago@example.org,+54 9 3955 7790,Entre Ríos,Av.  Rivadavia N° 54
199,39 256 358,Felipe,Fernandez,29/07/1979,dominguezrenata@example.com,+54 15 2777 7392,,Calle 3 N° 91
200,29 902 086,Mateo Agustin,FERNANDEZ,08/10/1947,agustinaramirez@example.net,+54 15 2841 3797,Mendoza,Diag. 3 N° 9259
201,32-834-505,Mateo,Castillo,16-12-2002,martinezfrancesca@example.org,,Tucumán,Boulevard 1 N° 2828
202,39.595.416,  jazmin  ,Fernandez,1979-09-06,escobaroctavio@example.net,+54 9 3486 5086,Neuquén,Av. Malvinas Argentinas N° 279
203,25.828.808,valentino,Herrera,06-08-1952,garciaenzo@example.com,+54 9 3930 0981,Neuquén,Diagonal 6 N° 371
204,36-516-388,jeremias,perez,15/01/98,,+54 9 3636 8872,Mendoza,Av. Jujuy N° 362
205,30857838,  LAUTARO EZEQUIEL  ,acosta,04-09-1986,santinogimenez@example.com,+54 15 2726 0127,Salta,Avenida 6 N° 17
206,25 284 953,Isabel,Ruiz,12/07/1983,luz-milagros90@example.org,+54 9 3170 3843,Tucumán,Av. Alvear N° 31
207,39 221 146,BENICIO,ferreyra,06/11/06,francofausto@example.com,+54 9 3269 3801,Mendoza,Diagonal San Juan N° 5545
208,22-977-150,  Sofía  ,DIAZ,2003-06-30,,+54 15 2984 5184,Salta,Av. Alvear N° 846
209,32-707-485,  Matilda  ,soto,1969-02-13,bescobar@example.com,+54 15 2741 6335,Córdoba,Av. San Martin N° 445
210,44561343,CATALINA,Peralta,26/07/1995,castrojoaquin@example.com,+54 9 3439 4237,Buenos Aires,Avenida 5 N° 44
211,43-394-039,Luana,Sosa,27/06/1992,,,Córdoba,Blv. San Luis N° 9752
212,26699974,CAMILA,CARDOZO,26/12/44,isuarez@example.org,+54 9 3662 7187,Tucumán,Calle Corrientes N° 661
213,32-799-176,mora,Perez,1975-09-02,thiago-benjamincampos@example.com,+54 9 3627 6365,Córdoba,Avenida Saavedra N° 492
214,39.787.935,JOAQUÍN,Cordoba,01/03/76,zdiaz@example.net,+54 15 2970 2672,Tucumán,Avenida Río Negro N° 178
215,36.847.729,SANTINO,lopez,10/05/1951,,,Salta,Calle 4 N° 385
216,39-966-486,Benicio,  PERALTA  ,19-03-1971,ypaez@example.net,+54 9 3772 2569,Buenos Aires,Calle Saavedra N° 655
217,34079232,  Paloma  ,JUAREZ,1964-06-29,xvargas@example.net,+54 9 3562 2023,Entre Ríos,Diagonal Belgrano N° 72
218,39 193 914,CATALINA,  Maidana  ,03-03-1970,gonzalezcamila@example.org,,Chaco,Avenida  Salta N° 93
219,30-168-836,Martina,DOMINGUEZ,07-06-1998,santino-ezequiel78@example.com,+54 9 3728 2997,Entre Ríos,Diagonal Jujuy N° 4728
220,26 306 075,simon,Torres,1954-08-04,benjamin82@example.com,+54 9 3178 0774,Tucumán,Diagonal Mitre N° 19
221,37592126,thiago,RAMIREZ,18-07-1976,tmartinez@example.net,+54 9 3963 4163,Chaco,Boulevard Malvinas Argentinas N° 549
222,21.025.530,Alma Valentina,Ramirez,06/12/1997,valentinogomez@example.com,+54 9 3349 7350,Córdoba,Av. 3 N° 3484
223,39.201.794,ian benjamin,Martinez,1946-08-16,adiaz@example.com,+54 9 3157 0512,Santa Fe,  Avenida Posadas N° 573  
224,30-249-526,Milena,Gomez,13/09/91,oliviabravo@example.org,,Entre Ríos,Avenida La Pampa N° 19
225,42965094,  Maximo  ,Perez,28-03-1982,beniciorodriguez@example.net,+54 15 2513 6502,Mendoza,Avenida Entre Ríos N° 18
226,40 133 776,Luciano,Fernandez,23/11/91,mateogomez@example.net,+54 9 3300 5281,Neuquén,Avenida San Juan N° 4517
227,44.378.968,Luciano,Sosa,17/06/1945,suarezsimon@example.com,+54 9 3839 2855,Tucumán,Diag. San Miguel de Tucumán N° 9231
228,42-807-362,TOMÀS,Maldonado,01-03-1975,ogonzalez@example.net,+54 9 3620 9593,Córdoba,Diagonal San Juan N° 8398
229,40825715,Felipe,Garcia,17/07/1965,santino81@example.org,+54 15 2220 3173,Salta,Diagonal 7 N° 581
230,24-805-805,guadalupe,juarez,18/10/40,ambarsoria@example.org,+54 9 3505 8650,Santa Fe,Diagonal Jujuy N° 49
231,22.954.177,Catalina,Muñoz,09/06/1974,santiagoferreyra@example.net,+54 15 2888 6195,Entre Ríos,Av.  Chaco N° 39
232,20.138.372,lola,  romero  ,04-03-1947,umaidana@example.net,+54 9 3956 6593,Tucumán,Diagonal 5 N° 877
233,37-586-469,Benjamin,Gonzalez,23/05/1956,gutierrezpriscila@example.com,+54 15 2943 3504,,Av. San Luis N° 18
234,27086368,  benicio  ,FERNANDEZ,1962-06-03,franciscocorrea@example.org,,Córdoba,  Diagonal Mitre N° 5119  
235,33 984 667,  Sebastian  ,silva,1941-05-09,ayalaignacio@example.com,+54 9 3513 9060,Misiones,Avenida San Luis N° 94
236,23520337,  Felipe  ,peralta,07/06/2008,knavarro@example.net,+54 15 2636 4622,,Av. 1 N° 247
237,36-128-405,  juan bautista  ,RAMOS,21/02/1945,jazmindiaz@example.com,+54 15 2589 8331,Córdoba,  Avenida Omar Nuñez N° 717  
238,27 756 452,Guadalupe,lopez,10-10-1960,vazquezmateo@example.com,+54 9 3692 7033,Córdoba,Diagonal  2 N° 14
239,24.643.746,Santino Agustin,Blanco,17-01-1999,benjamin14@example.com,+54 9 3905 3833,Chaco,Avenida Río Negro N° 127
240,34.151.240,  MARIA VICTORIA  ,  dominguez  ,19/10/38,isabelladiaz@example.net,+54 9 3607 0164,Santa Fe,Calle Pte. Perón N° 7693
241,42.966.805,Maria Belen,Gomez,27-08-1958,,+54 15 2703 8457,Misiones,Calle Alem N° 494
242,42-476-246,VICTORIA,Rodriguez,08/06/54,bpaez@example.net,+54 9 3732 5621,Neuquén,Diagonal Santa Fe N° 463
243,35 746 723,  pedro  ,sanchez,26/10/1979,nmolina@example.net,+54 15 2398 3248,Mendoza,Boulevard Río Gallegos N° 36
244,22 953 456,Bautista,  ROJAS  ,1988-02-23,josefinalucero@example.net,+54 15 2356 6474,Neuquén,Calle Saavedra N° 54
245,41 964 596,Matias,martinez,12/07/37,castilloagustin@example.net,+54 9 3352 6772,Chaco,Calle 1 N° 4643
246,31-454-044,Bautista,  BLANCO  ,30/07/2007,dcastillo@example.org,+54 9 3960 9656,Salta,Camino Buenos Aires N° 871
247,33.183.418,Enzo,  Martinez  ,1974-11-21,castroagustina@example.net,+54 15 2834 7644,Neuquén,  Avenida 1 N° 828  
248,37796074,Catalina,gimenez,30/09/1948,francescasanchez@example.org,+54 15 2679 3714,Neuquén,Boulevard Córdoba N° 212
249,40.434.437,Lucia,Godoy,07/11/41,gojeda@example.net,+54 15 2368 6025,Misiones,Calle 1 N° 854
250,43.886.539,lucía,Gomez,25/03/1945,benjaminvazquez@example.org,+54 9 3477 8097,Entre Ríos,Diagonal 8 N° 141
251,39 555 733,Justina,GARCIA,07/07/1981,,,Tucumán,Calle J.B. Alberdi N° 9234
252,28.407.432,NAHIARA,CARDOZO,02/12/1961,gomezjuana@example.com,+54 9 3316 8147,Mendoza,Camino 6 N° 484
253,43251076,Tomas,Gomez,23-11-1988,suarezluciano@example.net,+54 9 3669 5489,Chaco,Diagonal J.M. de Rosas N° 873
254,41-730-936,lautaro nicolas,Martinez,1956-10-30,benjamingonzalez@example.net,+54 15 2639 6605,Misiones,  Diagonal Ciudad Autónoma de Buenos Aires N° 542  
255,28.866.409,julieta,Gimenez,1959-04-10,gomezignacio@example.com,+54 15 2123 5577,Buenos Aires,Av. Santa Fe N° 688
256,30 105 078,  Martín  ,ramirez,01/11/1989,tiziano58@example.net,+54 15 2539 5512,Córdoba,Avenida J.B. Alberdi N° 723
257,31-108-749,Mia,Guzman,1990-06-28,paloma46@example.org,+54 9 3535 7438,Mendoza,Avenida 1 N° 9117
258,21-338-058,Lourdes,Barrios,1946-11-15,thiago-gabriel84@example.com,+54 15 2718 2307,Entre Ríos,Av. Ciudad Autónoma de Buenos Aires N° 260
259,29.946.673,Valentin,gonzalez,1973-08-17,benjamin43@example.com,+54 15 2234 4857,Mendoza,Calle Bahía Blanca N° 99
260,38 044 037,SANTINO,Molina,1975-09-24,,+54 15 2114 9587,Misiones,Av. 1 N° 12
261,33 677 886,Pedro,LOPEZ,1979-02-21,trios@example.com,+54 15 2881 7921,Neuquén,Avenida 8 N° 353
262,36872408,Ian Ezequiel,RUIZ,12/09/86,francesco57@example.com,+54 15 2317 1577,Chaco,Avenida Neuquén N° 27
263,38-311-474,sara,Figueroa,31/05/1959,ariasjulia@example.com,,Neuquén,Avenida  7 N° 6699
264,27-048-205,juliana,lopez,04-07-1984,mgomez@example.com,+54 9 3281 7246,Neuquén,Diagonal Santa Cruz N° 8615
265,38 416 387,CATALINA,MALDONADO,24-05-2000,navarroantonella@example.com,+54 9 3669 9733,Mendoza,Diagonal San Juan N° 626
266,30 663 126,Clara,cabrera,19-11-1972,elenarodriguez@example.net,+54 15 2408 5140,Entre Ríos,Av. Salta N° 776
267,34-633-895,  Lorenzo  ,Diaz,13-04-1948,santiagoalvarez@example.com,,Neuquén,Camino 7 N° 3271
268,38.073.022,Candela,ESCOBAR,1986-05-22,drios@example.net,+54 9 3787 6532,Neuquén,  Av. Tucumán N° 95  
269,38 108 559,renata,  Molina  ,1962-05-31,ortizfederico@example.org,+54 9 3212 8478,Mendoza,Diagonal Entre Ríos N° 951
270,25.564.786,Mora,barrios,07-09-1974,,+54 9 3565 4420,Mendoza,Av.  Buenos Aires N° 391
271,26-938-186,Ambar,  GARCIA  ,1989-06-15,garciacatalina@example.net,+54 15 2544 2944,Tucumán,Calle 3 N° 6237
272,25 833 431,Thiago Benjamin,QUIROGA,09/01/1971,romerocatalina@example.org,+54 15 2476 6372,Entre Ríos,Diag. Buenos Aires N° 113
273,36.838.854,Malena,Herrera,24-05-1970,oliviavega@example.com,+54 9 3728 6047,Mendoza,Blv. Santiago del Estero N° 6178
274,42 656 939,Tomas,   Ferreyra  ,11/07/1955,thiago-benjamin14@example.net,+54 9 3373 9385,Neuquén,Calle Constitución N° 2096
275,37 335 584,SANTINO,Acosta,23/08/51,valentina00@example.net,+54 15 2209 3911,Salta,Calle Alem N° 2932
276,26-103-019,valentina,Herrera,20/12/03,rayala@example.com,,Mendoza,Calle Rosario N° 287
277,25018440,giovanni,DIAZ,1964-04-15,igomez@example.com,+54 15 2291 7410,Neuquén,  Diagonal 8 N° 83  
278,42 768 673,Jeremias,Gonzalez,21/05/38,sperez@example.com,+54 9 3790 8776,Neuquén,  Diagonal Malvinas Argentinas N° 41  
279,27801837,Olivia,Ledesma,1992-07-21,ortizlucas-benjamin@example.com,,Buenos Aires,Av. 5 N° 921
280,33-718-564,NAHIARA,Dominguez,11-06-1957,oescobar@example.net,+54 9 3471 7320,Salta,Blv. 4 N° 951
281,36.188.931,Guillermina,Soto,20/11/94,gonzalezisabella@example.net,+54 15 2361 3878,Córdoba,Avenida Belgrano N° 38
282,25428943,ambar,HERRERA,2002-08-23,martinezlara@example.org,+54 15 2204 1792,Chaco,Calle  J.M. de Rosas N° 492
283,27-441-374,LUCIANA,Flores,1994-11-13,rromero@example.net,+54 15 2253 0925,Chaco,Calle 7 N° 69
284,37-386-339,  mateo  ,martinez,10-02-1978,santinofarias@example.net,,Santa Fe,Diagonal Mitre N° 3647
285,42 470 129,Felipe,PEREZ,03-07-1968,maria-luzcabrera@example.org,+54 15 2179 1456,Mendoza,Calle Salta N° 9995
286,39290668,Delfina,VAZQUEZ,1983-10-04,isabella12@example.net,+54 9 3572 2005,Misiones,Avenida 8 N° 19
287,32 652 714,joaquin,Caceres,1971-01-13,rodriguezfrancisco@example.com,+54 9 3463 5315,Salta,Diagonal 4 N° 283
288,27-715-175,Maria Victoria,RODRIGUEZ,11-06-1967,dylanmedina@example.com,+54 9 3627 3543,Entre Ríos,Diagonal 1 N° 881
289,31.862.764,Ciro,coronel,04/09/1951,juan-martin92@example.net,+54 15 2816 8739,Mendoza,Avenida Alvear N° 463
290,23579898,LORENZO,DIAZ,2003-05-02,uma-mendoza@example.com,+54 15 2707 8068,Entre Ríos,Diagonal Rosario N° 84
291,29 218 510,catalina,Navarro,24/03/1986,,+54 9 3831 0742,Chaco,  Diagonal San Martin N° 7732  
292,43.029.703,Francesco,Torres,08/07/1969,guzmanbautista@example.net,,Entre Ríos,Avenida Santiago del Estero N° 61
293,27-957-069,Agustina,bustos,13-03-1962,gomezguadalupe@example.net,+54 15 2455 2818,Chaco,  Avenida 9 N° 84  
294,27669427,Zoe,Coronel,07/01/1959,juan-bautista64@example.org,,Salta,Av. Rosario N° 846
295,37-347-875,Juan,LEIVA,1994-09-01,lopezlautaro-nicolas@example.org,+54 15 2562 4112,Córdoba,Calle 3 N° 5870
296,38-802-227,  Faustino  ,rojas,06/04/1945,ciro04@example.org,+54 15 2603 8569,Entre Ríos,Diagonal Río Negro N° 988
297,22 630 919,Malena,ortiz,14/03/01,joaquin43@example.com,+54 9 3340 2547,Córdoba,Calle San Juan N° 332
298,41-911-483,Emma,Gonzalez,27/09/58,simontorres@example.org,+54 15 2355 2578,Buenos Aires,Calle Ciudad Autónoma de Buenos Aires N° 387
299,44960314,dylan,FERNANDEZ,2006-06-13,,+54 15 2397 5170,Córdoba,Calle  Ciudad Autónoma de Buenos Aires N° 863
300,33-081-068,catalina,  rodriguez  ,1982-06-10,,+54 15 2418 7186,Entre Ríos,Diagonal Salta N° 3576
301,29 140 711,thiago,torres,27/05/56,julieta78@example.org,+54 15 2776 7426,Tucumán,Av. 2 N° 58
302,23 004 934,Constantino,  Pereyra  ,10/02/1960,arodriguez@example.net,+54 9 3462 8792,Buenos Aires,Avenida 9 N° 584
303,30053260,Lucas,MEDINA,01/08/37,fernandezjulieta@example.net,+54 9 3114 6273,Salta,Avenida  2 N° 857
304,40.982.358,Joaquina,Morales,18/05/1970,torresmaria-paz@example.org,,Chaco,Calle Formosa N° 155
305,26-301-168,JUANA,GODOY,26-03-1941,camilolopez@example.org,+54 15 2285 5445,Buenos Aires,Avenida Chubut N° 95
306,31 472 691,Thiago,Suarez,20-06-1960,santinofernandez@example.org,+54 15 2789 8881,Santa Fe,Calle  Rosario N° 18
307,35.775.508,lautaro,Ledesma,09/10/1945,mpaez@example.net,+54 9 3324 0132,Mendoza,  Avenida Corrientes N° 27  
308,23.152.784,Helena,Vargas,1941-04-19,cnavarro@example.org,+54 15 2508 9071,Mendoza,  Avenida 1 N° 4149  
309,23.789.250,Santiago,Sosa,02/04/1942,,,Chaco,Calle 5 N° 91
310,28.345.734,  Martin  ,  GOMEZ  ,1951-04-01,ltorres@example.org,+54 9 3912 5663,Misiones,Calle 6 N° 29
311,34.720.963,VALENTINO,coronel,26/01/87,rodriguezmorena@example.com,+54 9 3779 4738,Chaco,Camino Rawson N° 3715
312,44 575 346,Angel Gabriel,  aguirre  ,21-04-1943,rpereyra@example.org,+54 15 2226 6912,,Calle Rawson N° 264
313,26225497,Luana,MUÑOZ,16/12/55,matilda65@example.com,+54 9 3278 4271,Misiones,Av. Salta N° 1021
314,30805334,GUILLERMINA,gonzalez,1948-09-12,felipe99@example.org,,Neuquén,Av. San Juan N° 702
315,40-936-975,OLIVIA,  SANCHEZ  ,05/02/63,lgonzalez@example.net,+54 9 3827 6246,Chaco,  Av. J.M. de Rosas N° 888  
316,33-957-073,LUCAS,FERNANDEZ,1939-09-11,morena69@example.net,+54 9 3345 0090,Córdoba,Avenida Alvear N° 752
317,26.480.013,pedro,TOLEDO,11/09/65,dominguezvalentina@example.net,+54 9 3391 1415,Córdoba,Avenida 8 N° 967
318,31.325.052,Thiago Benjamin,Ledesma,20/07/78,olivia65@example.net,+54 15 2671 3578,Mendoza,Avenida 7 N° 29
319,44-983-903,Delfina,   Perez  ,30-04-1957,ncordoba@example.net,+54 15 2991 9541,,Avenida Santa Fe N° 59
320,30566447,Luciana,  benitez  ,16/01/1975,renatamartinez@example.net,+54 9 3882 0829,Neuquén,Blv. 8 N° 718
321,39 142 372,maximo,Torres,1946-05-30,thiago-valentinvazquez@example.com,+54 9 3351 3644,Neuquén,Diagonal San Salvador de Jujuy N° 34
322,31-220-254,Martina,figueroa,1958-04-18,bcastro@example.com,+54 15 2532 4204,Buenos Aires,  Calle Buenos Aires N° 1720  
323,25-019-072,josefina,Garcia,1940-04-07,qescobar@example.net,+54 15 2262 3198,Salta,Diag. Salta N° 421
324,21 654 605,  Thiago Nahuel  ,sanchez,21/05/1996,vcordoba@example.org,+54 9 3832 1234,Mendoza,Camino La Plata N° 265
325,28130745,Manuel,  HERRERA  ,10-08-1953,emiliano25@example.com,+54 9 3540 9003,Neuquén,Avenida Tierra del Fuego N° 941
326,31 734 535,jazmín,alvarez,2002-01-15,qblanco@example.com,,Neuquén,Avenida Belgrano N° 7767
327,20-460-812,LUCIO,Lucero,03/07/1995,genarogimenez@example.com,+54 9 3398 5700,Misiones,Diagonal Chubut N° 45
328,43446334,Josefina,RODRIGUEZ,23/02/1947,thiago-leonelcastillo@example.com,+54 9 3572 4295,Buenos Aires,Av.  3 N° 416
329,42-158-435,Santino  Agustin,Blanco,1982-11-12,mia-morenabravo@example.org,+54 9 3520 6969,Neuquén,Blv. 3 N° 9170
330,35367468,THIAGO NAHUEL,Soria,1996-01-06,tgomez@example.org,+54 15 2444 7626,Tucumán,Blv. Jujuy N° 733
331,22-080-700,Renata,FERNANDEZ,22/10/1956,francisco73@example.com,+54 9 3410 7256,Santa Fe,Diagonal Tucumán N° 219
332,40.550.357,Isabella,Romero,07/10/1952,maximo90@example.org,+54 9 3389 6465,Misiones,Av. Mitre N° 39
333,43.103.303,Morena,romero,18/10/1969,sanchezjulia@example.org,+54 9 3615 0274,Córdoba,Avenida Omar Nuñez N° 964
334,20-989-296,Lorenzo,Lopez,01/06/1989,jcoronel@example.net,+54 9 3103 2032,Neuquén,Calle La Rioja N° 187
335,40.010.544,benicio,  Vega  ,17/01/71,ugomez@example.org,+54 15 2951 3422,Salta,  Av. Alem N° 199  
336,21 081 444,CAMILO,lopez,25/10/2002,,+54 15 2641 6591,Chaco,Calle 8 N° 164
337,35.352.660,Faustino,Ferreyra,2005-01-15,abigail92@example.org,+54 15 2745 0189,Buenos Aires,Avenida 4 N° 1641
338,44668214,Mateo,VARGAS,04-06-1956,juan-ignacioaguirre@example.com,+54 9 3492 5158,Santa Fe,Camino  Río Negro N° 729
339,37.346.622,Matilda,CORREA,09/06/1980,fmorales@example.org,+54 9 3273 2788,Buenos Aires,Av. San Miguel de Tucumán N° 3452
340,26 775 713,MAITE,pereyra,1957-03-12,molinabastian@example.net,+54 15 2586 6179,Córdoba,Av. Río Gallegos N° 813
341,37.168.677,Maia,mansilla,05/12/1938,tlucero@example.com,+54 9 3379 4523,Buenos Aires,Blv. 5 N° 9116
342,34-973-941,  benjamin  ,  gomez  ,1948-02-29,zmedina@example.net,+54 9 3249 9564,Misiones,Calle 2 N° 4380
343,27 277 078,Lara,FERREYRA,09/06/1967,,+54 9 3860 1227,,Camino Neuquén N° 57
344,40-242-901,Isabella,Gonzalez,24-08-1981,fchavez@example.net,+54 9 3807 6789,Neuquén,Calle 1 N° 925
345,39-426-885,  THIAGO BENJAMIN  ,Moreno,14/07/00,aguirreluisana@example.com,,Chaco,Av. Neuquén N° 8539
346,37 684 955,lautaro nicolas,MUÑOZ,1964-02-14,rmiranda@example.net,+54 9 3872 9341,Tucumán,Calle 8 N° 78
347,39-298-586,julieta,Diaz,22/01/1939,sosathiago-benjamin@example.net,+54 15 2228 0156,Buenos Aires,Calle Entre Ríos N° 615
348,44.745.332,Milo,  castro  ,21-01-2001,vegagabriel@example.com,,Tucumán,Calle  Chaco N° 5582
349,43-012-830,Paulina,AGUIRRE,04-03-1999,lararomero@example.org,+54 15 2637 6037,Chaco,Calle Córdoba N° 646
350,41 045 356,Felipe,NAVARRO,30-05-1966,valentinoflores@example.com,,Neuquén,Calle G. Brown N° 712
351,31864697,francesca,Gonzalez,21/12/02,alvarorodriguez@example.net,,Tucumán,Boulevard  Mitre N° 4697
352,33887158,Julian,Rios,1967-11-26,tomas-benjamin63@example.com,,Mendoza,Calle  Posadas N° 315
353,36.195.489,martina,Figueroa,1978-11-17,zoe-jazminsanchez@example.com,+54 15 2105 4851,Santa Fe,  Boulevard J.M. de Rosas N° 860  
354,37526985,LAUTARO  NAHUEL,CORDOBA,2007-10-28,lautarogarcia@example.net,+54 15 2468 3158,,Avenida Belgrano N° 77
355,27-041-252,catalina,Rodriguez,27-06-2000,ediaz@example.com,+54 9 3898 8649,Buenos Aires,Blv. Tierra del Fuego N° 3736
356,38-204-242,Juan Bautista,Suarez,14-01-1969,ledesmafacundo@example.org,+54 15 2285 1961,Chaco,  Avenida Mendoza N° 65  
357,21693022,  Dylan Ezequiel  ,sanchez,05/02/71,valentinonunez@example.org,+54 9 3943 2701,Mendoza,Camino Santa Rosa N° 864
358,35.626.143,SOFIA BELEN,  Herrera  ,09/03/88,paulinagimenez@example.com,+54 9 3772 5199,Santa Fe,Boulevard Paraná N° 572
359,33.155.918,Mateo Ezequiel,Vega,1977-05-19,lucas18@example.org,+54 15 2498 9098,Santa Fe,Av. San Martin N° 93
360,37043962,Luisina,Perez,25-08-1950,irodriguez@example.net,+54 9 3769 0705,Salta,Calle 9 N° 224
361,36 185 807,GIOVANNI,Rojas,15-06-1956,valentinagomez@example.com,+54 9 3120 9520,Córdoba,Calle San Ferando del Valle de Catamarca N° 575
362,23 836 038,Nahiara Jazmin,mendoza,1939-05-31,gonzalonunez@example.com,+54 9 3714 0578,Salta,Calle  4 N° 9024
363,27.301.839,EMMA,Castro,11/12/92,tiziano71@example.net,+54 15 2725 8238,Entre Ríos,Av. San Martin N° 85
364,34-587-018,JEREMIAS,Lopez,1940-01-07,qperez@example.net,+54 9 3353 9840,,Av. Güemes N° 23
365,23-680-864,LISANDRO,Franco,28/09/99,tomascampos@example.com,+54 9 3447 4355,Santa Fe,Av. Constitución N° 8210
366,32 089 255,santino nicolas,   carrizo  ,1965-10-14,icoronel@example.org,+54 15 2680 7156,Salta,  Diag. Santa Fe N° 208  
367,33 953 793,Thiago,Lopez,22-04-1936,navarrothiago-ezequiel@example.net,+54 9 3831 9433,Buenos Aires,Calle J.M. de Rosas N° 1943
368,36-835-225,Dylan Benjamin,GODOY,22-09-1943,franco72@example.net,+54 15 2399 9219,Córdoba,Calle Omar Nuñez N° 935
369,29 375 791,SANTIAGO,peralta,2008-01-15,thiago-ezequiel70@example.com,+54 15 2856 6418,Neuquén,  Av. Buenos Aires N° 5370  
370,20 361 830,Julia,Sanchez,25-03-1964,catalina90@example.net,,Neuquén,Diagonal 1 N° 650
371,22 060 838,emma,Herrera,14-08-2005,pazmaximo@example.org,+54 15 2299 7179,Córdoba,Calle 1 N° 311
372,29-427-853,  Alma Jazmin  ,benitez,19/08/57,rrodriguez@example.org,+54 15 2446 6196,Mendoza,Diagonal Mitre N° 78
373,31504069,violeta,Lucero,30/10/80,jeremias07@example.net,+54 9 3293 1109,Santa Fe,Diag. San Luis N° 95
374,41-550-706,  BENICIO  ,Suarez,12/12/1980,emmafigueroa@example.org,+54 15 2949 6854,Chaco,Calle Güemes N° 641
375,29 690 258,Maximo,  DOMINGUEZ  ,07-03-1946,biancamiranda@example.org,+54 9 3453 3315,Tucumán,Diagonal  Neuquén N° 655
376,41 956 117,Ciro,lopez,15/10/1968,aguirrealma-jazmin@example.net,,Buenos Aires,   Avenida J.B. Alberdi N° 16  
377,23 486 549,Benjamin,  sosa  ,1976-02-13,juanadiaz@example.net,+54 9 3400 3342,Mendoza,Diagonal G. Brown N° 4312
378,24025763,joaquin,perez,05-01-1943,oliviacaceres@example.org,+54 9 3334 7355,Córdoba,Blv. Mitre N° 3131
379,34-327-185,Geronimo,LOPEZ,1963-03-27,josefina63@example.org,+54 15 2584 2530,Santa Fe,Camino Mitre N° 8321
380,40 478 333,mateo,Alvarez,16/01/00,guillermina72@example.com,,Córdoba,Diagonal Santa Fe N° 44
381,20 629 641,facundo,MARTINEZ,01-08-1951,kpaez@example.org,+54 9 3848 1214,Misiones,Avenida Buenos Aires N° 679
382,33553062,  tomàs  ,  Benitez  ,15-06-1962,ysanchez@example.org,+54 15 2573 4151,Buenos Aires,Av.  Alem N° 54
383,37-939-081,SANTINO,Rodriguez,1938-06-02,ignacioperalta@example.com,+54 9 3143 9284,Tucumán,Avenida G. Brown N° 1686
384,32 054 802,AMBAR,  olivera  ,31/01/2005,umartinez@example.net,,Misiones,Calle Santiago del Estero N° 74
385,35076250,SIMON,ROLDAN,27/10/37,dantefernandez@example.net,+54 15 2775 5366,Misiones,Diagonal Güemes N° 130
386,21.237.409,Felipe,MOYANO,1959-09-25,nchavez@example.com,,Tucumán,  Avenida Córdoba N° 93  
387,39832095,  MARTINA  ,  ledesma  ,18-04-1971,sofiabustos@example.com,+54 9 3133 4817,Salta,Calle Paraná N° 3626
388,24-608-010,valentino,  Ramirez  ,16/11/89,nmoyano@example.org,+54 15 2546 7299,Santa Fe,Av.  Santiago del Estero N° 133
389,23 354 364,  tomàs  ,  PAZ  ,12-10-1979,brunobustos@example.com,+54 9 3679 0147,Chaco,Diagonal Jujuy N° 742
390,37 551 882,Joaquin,RIOS,1967-03-02,lbustos@example.net,+54 15 2560 3248,Entre Ríos,Calle Tucumán N° 837
391,37790526,Samuel,castro,14/04/2008,navarrojuan-bautista@example.com,+54 9 3872 4380,Santa Fe,Diagonal 8 N° 476
392,25.916.445,  MARTINA  ,martinez,23/05/87,,+54 9 3811 8372,Misiones,Diag. Saavedra N° 3951
393,23894498,juan ignacio,Villalba,03-12-1947,peraltafelipe@example.com,,Mendoza,Diagonal Chaco N° 814
394,32.600.775,MATIAS,  Rodriguez  ,05/03/63,alexandertorres@example.org,+54 15 2410 6005,Chaco,Calle Chaco N° 1272
395,26-785-071,  agustina  ,  Maldonado  ,07/03/59,julianmaidana@example.com,+54 9 3313 3155,Mendoza,Diagonal 1 N° 427
396,41.407.701,  milagros  ,Garcia,03/03/81,rodriguezdelfina@example.com,+54 9 3618 9241,Salta,Diagonal 125 Bis N° 68
397,39.443.687,bautista,Gonzalez,18/03/02,oalvarez@example.net,+54 15 2289 0309,Salta,Diagonal Río Gallegos N° 21
398,23 288 307,Valentino,AGUIRRE,16/05/1950,cdiaz@example.org,+54 9 3752 4508,,Avenida Ciudad Autónoma de Buenos Aires N° 66
399,35410974,Emma,Rojas,23/10/01,juanquiroga@example.org,,Córdoba,Calle 3 N° 3291
400,29 951 908,Ludmila,soria,15-11-1952,floresvalentin@example.org,,Entre Ríos,  Blv. Corrientes N° 267  
401,40774671,Camila,LOPEZ,05/11/1967,ycoronel@example.com,+54 15 2366 1498,Córdoba,Calle Mendoza N° 577
402,43.583.518,lucas,Suarez,14-12-1959,mdiaz@example.org,+54 15 2685 7666,Córdoba,Avenida Neuquén N° 12
403,29 806 764,Olivia,ORTIZ,1949-10-20,xcampos@example.net,+54 9 3487 5066,Tucumán,  Calle 6 N° 305  
404,23.758.921,Sofía,LEIVA,20/05/1946,juan-martinmoyano@example.org,+54 15 2911 6691,Buenos Aires,  Camino Saavedra N° 9494  
405,27-795-636,Milagros,Alvarez,08/02/58,ucardozo@example.org,+54 15 2595 2436,Tucumán,Calle 8 N° 27
406,29668585,bruno,ferreyra,19-02-1989,joaquinlopez@example.org,+54 15 2472 8179,Santa Fe,  Calle 3 N° 7384  
407,39.277.865,Lucía,MORALES,07/01/1999,bautistarodriguez@example.org,+54 9 3815 0937,Santa Fe,   Calle Buenos Aires N° 120  
408,36.757.650,Delfina,Arias,18-01-1963,paula75@example.net,+54 9 3755 5535,Neuquén,Calle Formosa N° 8170
409,34-834-600,LISANDRO,paez,1945-10-05,aguerovictoria@example.net,+54 15 2457 9786,Chaco,Diagonal 6 N° 61
410,26.548.138,Faustino,Ponce,11/02/85,sofiaruiz@example.net,+54 15 2456 7164,Neuquén,  Camino San Luis N° 3880  
411,33.339.832,Violeta,Sanchez,04/10/84,clopez@example.org,,Chaco,Diagonal Resistencia N° 5546
412,25 495 891,  Lucio  ,  CARRIZO  ,31-01-2005,,+54 9 3615 3991,Salta,Diagonal Merlo N° 784
413,33.908.782,Delfina,gomez,09-01-1942,romeromia@example.org,,Tucumán,Av. Rawson N° 6635
414,35.550.863,MAXIMO,Juarez,04/11/51,dgonzalez@example.com,+54 15 2543 7729,Tucumán,Diagonal 1 N° 942
415,28212456,VICTORIA,FARIAS,11/07/77,morenavega@example.com,+54 15 2852 3302,Chaco,Avenida Santiago del Estero N° 9270
416,44593964,Alma,Peralta,02-12-2007,hruiz@example.net,+54 9 3643 8612,Salta,Av.  Malvinas Argentinas N° 58
417,29786623,ambar,SILVA,19-11-1967,jgarcia@example.org,+54 15 2730 5912,Tucumán,Av. Pte. Perón N° 12
418,37-932-170,  benicio  ,Herrera,13/08/2004,chavezlara@example.net,+54 9 3726 3013,Mendoza,Diagonal Córdoba N° 268
419,43140908,Santino  Ezequiel,ferreyra,19-09-1955,htorres@example.org,+54 15 2817 8309,Chaco,Diagonal Santa Fe N° 867
420,31.477.130,  Juana  ,  gomez  ,14/05/1959,lolaquiroga@example.com,+54 9 3218 9813,Córdoba,Av. 3 N° 86
421,20 631 038,  Juan Ignacio  ,FERNANDEZ,1950-09-05,,+54 15 2718 4582,Córdoba,Diagonal 140 A N° 9884
422,26.711.706,  Valentino  ,Aguirre,21/06/1958,sofia83@example.net,+54 15 2403 0324,Neuquén,Diagonal  Rivadavia N° 347
423,39398947,bautista,perez,1963-06-30,camilarodriguez@example.com,+54 9 3628 3143,Chaco,Diagonal Salta N° 366
424,23.601.212,Samuel,benitez,07-07-1937,bautistagomez@example.org,,Santa Fe,Avenida San Martin N° 47
425,44230882,ORIANA,Vargas,22/08/44,salvador71@example.net,+54 9 3194 8491,Salta,  Boulevard 7 N° 99  
426,35-961-064,  mia  ,ROLDAN,1970-06-09,thiago-benjamincastillo@example.net,+54 15 2622 6940,Neuquén,Avenida Santa Cruz N° 387
427,25661411,Lucas Ezequiel,  Figueroa  ,15/04/72,oriana83@example.com,+54 15 2446 5111,Neuquén,Calle San Martin N° 59
428,33-429-675,Alexander,Cordoba,28/05/36,uperalta@example.org,+54 9 3478 8160,Chaco,Diagonal  Alvear N° 648
429,44756404,PRISCILA,dominguez,27/10/2002,cabreraciro-benjamin@example.net,+54 15 2121 5285,Córdoba,Avenida Formosa N° 9523
430,35.637.097,Emilia,Suarez,1954-12-14,poncefranco@example.org,,Salta,  Av. 5 N° 630  
431,32 627 759,  Lola  ,Gonzalez,27/01/67,catalinagutierrez@example.org,+54 9 3817 0243,Chaco,Avenida Santa Rosa N° 2884
432,38 581 904,Ambar,BENITEZ,01/11/45,tgonzalez@example.org,+54 15 2634 0266,Tucumán,   Calle Rivadavia N° 7481  
433,32-294-682,NICOLAS,  Figueroa  ,09-10-1987,gonzalo68@example.net,,Mendoza,Diagonal Entre Ríos N° 67
434,43085156,  Candelaria  ,  Ponce  ,01/05/67,emilia16@example.org,+54 15 2482 3414,,Av.  Río Negro N° 913
435,30 620 458,Santiago,  Mendez  ,15-07-1981,franciscofernandez@example.org,+54 9 3232 6093,Entre Ríos,Avenida J.J. Castelli N° 463
436,26 769 896,PEDRO,Rodriguez,20/10/66,sanchezthiago-benjamin@example.com,+54 9 3163 5020,Córdoba,Diagonal 4 N° 274
437,29172605,Santiago,DUARTE,02-03-1962,santino08@example.org,+54 9 3455 9895,Mendoza,Avenida Mendoza N° 23
438,42.533.822,AGUSTÍN,juarez,15/08/38,santiagoacosta@example.org,+54 15 2989 5473,Neuquén,Calle Corrientes N° 964
439,44381155,kiara,acosta,28/12/87,arodriguez@example.net,+54 15 2129 4240,Córdoba,Diagonal Alvear N° 9728
440,29.631.618,Mateo,  cardozo  ,01/09/1963,rruiz@example.org,+54 15 2902 9390,Chaco,Diagonal Mendoza N° 553
441,21.241.639,nicolas,Lopez,1938-12-15,juanagodoy@example.com,+54 15 2140 3381,Buenos Aires,Diagonal La Rioja N° 538
442,29998521,Lola,CABRERA,29/04/1959,moralesbenjamin@example.com,+54 15 2242 4089,Misiones,Diagonal Santa Fe N° 949
443,37-624-805,Augusto,DIAZ,01/04/55,ofernandez@example.net,+54 9 3852 7172,Salta,  Camino 4 N° 521  
444,29 212 279,Josefina,Cruz,1995-04-21,bautistarodriguez@example.org,+54 9 3261 8209,Mendoza,Calle Rosario N° 13
445,32 180 192,Valentina,RODRIGUEZ,1946-01-14,ariasbenjamin@example.org,+54 9 3313 2797,Mendoza,Av. Comodoro Rivadavia N° 59
446,43-508-798,JUAN IGNACIO,Paz,17/02/43,santino62@example.org,+54 15 2503 6625,Tucumán,Camino 7 N° 813
447,27.059.399,Dylan Ezequiel,Martinez,2005-06-13,benicio95@example.org,+54 9 3910 9226,Chaco,Calle Santa Rosa N° 55
448,34172251,lautaro,Gomez,06-07-2002,paula10@example.org,,Buenos Aires,Blv. Formosa N° 63
449,41.511.706,JOAQUIN,Alvarez,08/12/1958,asuarez@example.net,+54 9 3923 6687,Santa Fe,Av. Entre Ríos N° 799
450,30 717 256,Dante,ledesma,02-04-1990,martinezbenjamin@example.org,+54 9 3687 2105,Santa Fe,Camino Pte. Perón N° 83
451,39.139.131,MIGUEL ANGEL,molina,13/08/2003,omartinez@example.org,+54 15 2112 6065,Buenos Aires,Diagonal Catamarca N° 319
452,22-988-400,felipe,Fernandez,06/07/53,ortizzoe-valentina@example.org,+54 15 2672 8476,Mendoza,Diagonal Constitución N° 112
453,36 581 531,juan martin,lopez,01/05/1947,rmiranda@example.com,+54 9 3598 4362,,Av. Saavedra N° 164
454,35.132.266,Francesca,  PAZ  ,15-11-2006,maldonadovalentin@example.com,+54 9 3562 0563,Mendoza,Calle 6 N° 53
455,28597504,JUAN  PABLO,rodriguez,1979-03-20,,+54 9 3119 9097,Salta,Calle 5 N° 65
456,38775731,gino,Gimenez,01-08-1958,iojeda@example.net,+54 15 2156 8182,Tucumán,  Avenida San Luis N° 3034  
457,29-428-817,Thiago Ezequiel,Rodriguez,27/04/1981,antoniocordoba@example.net,+54 15 2828 8985,Santa Fe,Avenida G. Brown N° 167
458,34763601,  emma  ,FRANCO,05/12/79,tizianotoledo@example.org,+54 15 2824 8171,Chaco,Boulevard Resistencia N° 66
459,36 280 594,  Catalina  ,   lopez  ,24-12-1991,lucas-ezequiel47@example.net,+54 15 2719 7054,Misiones,Diagonal San Juan N° 69
460,27126832,juan  gabriel,Moyano,1962-11-26,qgimenez@example.net,+54 15 2290 3802,Córdoba,Calle San Salvador de Jujuy N° 8326
461,30.856.145,  LAUTARO  ,Herrera,1974-09-09,lgomez@example.net,,Neuquén,Diagonal Rawson N° 275
462,44.639.675,facundo,Molina,2004-11-13,santino-benjaminsanchez@example.org,+54 9 3405 6730,Córdoba,Blv. Alem N° 324
463,33385442,VALENTINO,Perez,03/08/1941,hhernandez@example.org,+54 9 3320 1654,Salta,Boulevard 8 N° 762
464,40.250.556,Ian Ezequiel,ortiz,15/09/95,bautistacarrizo@example.net,+54 15 2855 0272,Córdoba,Calle Alem N° 188
465,34 566 177,  JUAN DAVID  ,Mendez,05/12/1981,gonzalezthiago-valentin@example.org,+54 9 3482 9635,Misiones,Blv.  Mitre N° 1555
466,36-025-978,alfonsina,Gimenez,21-12-1998,dmoreno@example.com,+54 9 3255 8685,Buenos Aires,Av. G. Brown N° 39
467,35-591-284,Lorenzo,  GARCIA  ,11/10/1983,sgodoy@example.net,+54 15 2211 1096,Buenos Aires,Diagonal San Juan N° 89
468,39 703 443,Clara,gonzalez,15-10-1956,xdiaz@example.com,,,Diagonal  Malvinas Argentinas N° 604
469,42 005 029,Bianca,Perez,17-09-1983,giuliana63@example.org,+54 9 3600 0258,Salta,  Blv. Santa Rosa N° 74  
470,26402255,MORA,RUIZ,23/05/1939,ofernandez@example.com,+54 15 2265 8263,Misiones,Calle Chaco N° 569
471,35 904 434,  MATEO  ,Sanchez,07/06/42,benitezagustin@example.net,+54 15 2109 8196,Neuquén,Calle J.M. de Rosas N° 354
472,23 444 816,Jeremias,  Diaz  ,10/10/49,ian-benjamincordoba@example.com,,Buenos Aires,Boulevard  2 N° 55
473,41 753 347,  Luciano Benjamin  ,Gomez,15/09/1971,ian-ezequiel36@example.org,+54 9 3706 1713,Entre Ríos,Avenida San Miguel de Tucumán N° 352
474,42-983-916,  Benjamin  ,Lopez,14-01-1977,gomezalma@example.com,+54 9 3599 8028,Santa Fe,Calle San Martin N° 983
475,42 382 700,delfina,  Torres  ,22/03/01,romerodelfina@example.net,+54 15 2944 7315,Buenos Aires,Av. Río Negro N° 456
476,42.713.929,joaquin,CASTILLO,2000-05-26,luisina19@example.net,+54 9 3523 7676,Mendoza,Diagonal Mitre N° 663
477,21-566-198,alfonsina,MALDONADO,06/06/68,camposvalentina@example.com,+54 9 3398 5601,Córdoba,Av. Saavedra N° 461
478,23418124,THIAGO,vargas,21-07-1944,luciano53@example.com,+54 9 3438 1649,Chaco,  Calle Formosa N° 717  
479,31.227.565,JOSEFINA,Sanchez,06/01/50,raguirre@example.com,+54 15 2717 2959,Córdoba,Calle 1 N° 198
480,41.120.515,emilia,  mansilla  ,11/01/65,romerobenjamin@example.com,+54 15 2264 4556,Misiones,Avenida  Santa Cruz N° 58
481,24884998,  MORENA  ,moreno,2002-02-02,maria-luz10@example.org,+54 15 2302 1563,Neuquén,Diagonal 6 N° 1850
482,42-158-059,Lautaro Nicolas,Gonzalez,16-02-1939,,+54 9 3622 9712,Misiones,  Diagonal Omar Nuñez N° 2697  
483,41.605.005,Bruno,Silva,1983-11-25,,+54 9 3241 5833,Santa Fe,Av. 4 N° 48
484,37-168-850,Sara,LOPEZ,04-04-1943,zoe-valentinacoronel@example.net,+54 9 3447 2812,Salta,   Avenida J.M. de Rosas N° 7843  
485,32-515-094,  Bautista  ,FLORES,1985-09-21,fernandezthiago-lionel@example.net,+54 15 2830 7240,Neuquén,Av. Formosa N° 92
486,37.894.197,Benicio,diaz,07/08/1964,dgimenez@example.com,+54 9 3551 0663,Mendoza,Calle  5 N° 977
487,43 878 690,   Santino  ,rodriguez,18-10-1953,diazisabella@example.org,+54 9 3731 8143,Misiones,Calle Merlo N° 4437
488,36 737 866,Martín,Sosa,25/08/1956,abril12@example.net,+54 9 3343 2512,Misiones,  Av. Constitución N° 661  
489,35883177,joaquin,PEREZ,1941-03-30,lunafaustino@example.net,+54 15 2573 7100,Misiones,Av. Saavedra N° 5161
490,30-175-719,  Facundo  ,  Ponce  ,18-11-2007,antonella45@example.com,+54 15 2254 5897,,Av.  Salta N° 74
491,21 499 295,Milagros,Fernandez,20/12/1971,danteledesma@example.com,+54 9 3931 3614,Chaco,Av. Omar Nuñez N° 646
492,44-423-068,FRANCESCA,Ramirez,08-03-2008,santiago98@example.net,+54 9 3591 6795,Chaco,Calle 3 N° 952
493,43729983,Julian,DOMINGUEZ,1957-10-16,bautista40@example.com,+54 15 2534 9107,Chaco,  Avenida 1 N° 36  
494,37.846.241,EMILIANO,  Caceres  ,09-04-1972,benjamin-alejandrovera@example.org,,Buenos Aires,Avenida  Alem N° 762
495,37-713-443,Luciano Benjamin,AYALA,18/03/1979,tizianoperalta@example.com,,Tucumán,Avenida  San Miguel de Tucumán N° 387
496,30.914.944,SOFIA BELEN,MIRANDA,20-08-1942,gledesma@example.net,+54 9 3875 6766,Córdoba,Av. 7 N° 35
497,27 935 325,Maia,Silva,11/11/62,,+54 15 2578 7010,Buenos Aires,Diagonal G. Brown N° 846
498,28.264.996,Santino Ezequiel,gomez,21/04/1978,quirogaagustina@example.net,+54 9 3823 2440,Salta,Avenida  Catamarca N° 29
499,35-591-135,  catalina  ,Diaz,17/03/70,halvarez@example.com,+54 9 3872 3849,Mendoza,Diagonal  J.B. Alberdi N° 13
500,44802863,  Valentino  ,villalba,12/03/53,agustingarcia@example.net,+54 15 2297 5466,Entre Ríos,Diag. San Ferando del Valle de Catamarca N° 82
501,43 748 286,Tiziano,Gonzalez,22-09-1957,,+54 9 3974 0258,Buenos Aires,   Boulevard 9 N° 331  
502,25 822 902,Lautaro,MUÑOZ,23/05/60,victoriacoronel@example.com,+54 9 3917 6792,Salta,Av. Saavedra N° 697
503,43388450,BAUTISTA,  Gonzalez  ,15-02-1989,catalinagomez@example.net,+54 9 3753 3126,Mendoza,Calle Güemes N° 28
504,44.085.691,paulina,JUAREZ,29/12/1996,,+54 15 2898 3347,Salta,Avenida Tucumán N° 94
505,25.720.262,  catalina  ,  GONZALEZ  ,10/09/2005,diazalma-valentina@example.org,+54 9 3969 8152,Tucumán,Diag. San Luis N° 6895
506,43-252-745,  Elena  ,FIGUEROA,31/08/67,khernandez@example.org,+54 15 2184 1173,Chaco,Avenida  Entre Ríos N° 7464
507,44.200.136,BAUTISTA,Hernandez,19-04-2006,rojasemma@example.net,+54 9 3869 0819,Buenos Aires,Blv. Alem N° 67
508,22.497.804,thiago benjamin,  ROMERO  ,1991-06-14,sofiamaldonado@example.com,+54 15 2637 1990,Entre Ríos,Boulevard 191 Bis N° 5712
509,31435416,Santino,AGUIRRE,1952-01-25,lorenzo43@example.org,+54 15 2903 8960,Córdoba,Avenida San Salvador de Jujuy N° 769
510,43265424,  valentino  ,BENITEZ,2001-02-12,lautaro56@example.org,,Buenos Aires,Blv.  Ciudad Autónoma de Buenos Aires N° 2310
511,33.794.495,JUAN IGNACIO,Lopez,25-10-1938,juan-martin34@example.org,+54 9 3471 1148,Buenos Aires,Diagonal La Rioja N° 5367
512,23445693,FAUSTO,garcia,05/05/83,juan-cruz88@example.org,+54 15 2456 9741,Santa Fe,Diag.  J.J. Castelli N° 94
513,30 457 804,Juan Ignacio,  muñoz  ,22-02-1993,bravogenaro@example.net,+54 9 3710 7044,Misiones,Blv.  La Plata N° 789
514,37015716,Benjamin,alvarez,15/01/68,sofialopez@example.com,+54 15 2640 8509,Neuquén,Boulevard Malvinas Argentinas N° 6370
515,31-262-896,Mateo Ezequiel,VARGAS,31/05/2003,cordobanicolas@example.net,+54 9 3587 6998,Mendoza,Avenida 4 N° 15
516,31 123 801,juan,DUARTE,1941-11-13,milogarcia@example.net,+54 9 3109 4544,Chaco,Av. 6 N° 8217
517,21473201,simon,Herrera,19/02/2006,jgodoy@example.org,,Tucumán,  Av. Güemes N° 8434  
518,32714537,Francisco,lopez,24/03/1999,martinezambar@example.org,+54 9 3595 0830,Neuquén,Calle  Pte. Perón N° 1548
519,24.846.341,lautaro,Rodriguez,09/01/1968,martinezjuan-cruz@example.com,+54 9 3616 4205,Neuquén,Av. Salta N° 134
520,30.995.136,GUADALUPE,garcia,31/07/46,gomezdelfina@example.com,,Chaco,Blv. Rivadavia N° 997
521,33-023-006,Mateo Benjamin,Gomez,03/10/99,juarezmilagros@example.net,+54 9 3654 3943,Neuquén,Diagonal 6 N° 62
522,35.169.289,Helena,Acosta,13-07-2005,wsosa@example.net,,Córdoba,Diag. Chubut N° 3356
523,21 380 527,Violeta,Romero,27-03-1944,jflores@example.net,+54 9 3732 7021,Mendoza,  Av. San Miguel de Tucumán N° 311  
524,29882378,Zoe  Jazmin,GONZALEZ,24-10-1947,fernandezmateo-ezequiel@example.com,+54 9 3252 6834,Tucumán,Diag. Paraná N° 291
525,26.396.898,  Bautista  ,Ayala,20/12/04,vmorales@example.com,+54 9 3372 2981,Buenos Aires,Av. G. Brown N° 776
526,25 009 043,simon,Gimenez,22/07/78,martinezmorena@example.org,+54 9 3145 6522,Córdoba,Diagonal Alvear N° 95
527,43 419 022,dante,CABRERA,20/11/1942,mateo44@example.com,+54 9 3432 4491,Chaco,Calle Corrientes N° 381
528,34 064 250,Matias,Gonzalez,2000-08-23,benjaminmiranda@example.org,+54 9 3334 9678,Entre Ríos,Avenida Belgrano N° 817
529,39 256 174,Morena,Rodriguez,12/08/45,maria-paz15@example.org,+54 15 2815 2854,Santa Fe,Av.  Catamarca N° 157
530,43 119 827,SANTINO,Vega,1973-09-05,maitedominguez@example.net,+54 15 2403 2963,Buenos Aires,Calle Rosario N° 85
531,25269235,valentino,GODOY,06/02/1942,benjaminrodriguez@example.net,+54 15 2420 6496,Salta,Av. Santiago del Estero N° 5483
532,39-296-864,morena,Morales,08/04/79,,+54 9 3367 5361,Mendoza,Avenida Bahía Blanca N° 386
533,35 441 902,GIULIANA,Guzman,03-07-1979,martinaperez@example.org,+54 9 3708 5456,Santa Fe,Av. Güemes N° 4467
534,34 498 085,Luca,GONZALEZ,20/04/1968,francolopez@example.org,+54 15 2199 5298,Misiones,Calle J.B. Alberdi N° 66
535,44.240.036,Camilo,CASTRO,1983-06-09,guadalupediaz@example.org,+54 9 3434 2556,Salta,Avenida Ciudad Autónoma de Buenos Aires N° 19
536,35507767,SANTINO,Ruiz,09/01/1971,emiliagonzalez@example.net,,Córdoba,  Calle J.J. Castelli N° 161  
537,35 577 495,  Maria Emilia  ,rojas,17/09/02,poncesol@example.org,+54 9 3856 8044,Santa Fe,Avenida 8 N° 246
538,24 165 829,  nahiara  ,Castro,29/11/1970,oliviatoledo@example.net,+54 9 3158 1739,Misiones,Avenida Formosa N° 561
539,37544755,Felipe,  MORALES  ,24/09/1941,sofiaacuna@example.net,+54 15 2412 6978,Mendoza,   Av. 7 N° 315  
540,20-488-551,juan  cruz,ORTIZ,20/04/1965,perezsofia@example.net,,Misiones,Camino Tucumán N° 27
541,26.360.159,Constanza,  torres  ,1990-11-17,maximogomez@example.org,+54 9 3810 6728,Salta,Camino 7 N° 274
542,29-343-487,  JERONIMO  ,Muñoz,1999-11-19,maximo95@example.net,+54 15 2924 8395,Neuquén,Av. Corrientes N° 9282
543,41 168 616,benjamin,Ramirez,1946-08-07,toledobenjamin@example.net,+54 15 2131 8751,Neuquén,Av. Catamarca N° 468
544,36891973,  agustín  ,SORIA,02/09/1955,tnunez@example.com,,Entre Ríos,Avenida 3 N° 391
545,41543250,salvador,Vazquez,23-09-1959,nahiara97@example.org,+54 15 2303 3192,Buenos Aires,Camino 6 N° 13
546,29678947,bianca,benitez,28/02/1984,julieta13@example.net,+54 9 3666 7548,Mendoza,Camino Corrientes N° 7492
547,34843168,SIMON,  ledesma  ,30/11/1953,castrolorenzo@example.com,+54 15 2905 7563,Misiones,Boulevard Rivadavia N° 142
548,22 622 765,Simon,pereyra,13-01-1936,ignacio54@example.net,+54 15 2194 0476,Mendoza,Diagonal  109 B N° 8789
549,32 065 567,Joaquin,Cardozo,24/11/82,,+54 15 2822 1610,Córdoba,Calle Chaco N° 1463
550,25.127.073,Luana,Farias,1958-09-23,mia-morenanunez@example.com,+54 15 2366 0138,Mendoza,Calle  Neuquén N° 49
551,36-800-697,Renata,Godoy,06/02/97,sanchezlucas@example.org,+54 9 3279 1971,Córdoba,  Calle Belgrano N° 13  
552,32.912.618,francesco,Diaz,19-12-1962,lucerothiago-joaquin@example.com,+54 15 2524 0642,Salta,Avenida  4 N° 3453
553,32127051,thiago benjamin,benitez,16/05/1942,,+54 15 2409 6289,Salta,Av. 143 Bis N° 958
554,37.399.215,Catalina,Ramos,23/06/54,hperez@example.net,+54 15 2772 7955,Córdoba,Boulevard La Pampa N° 153
555,24-788-669,ciro,  Romero  ,03/12/82,,,Salta,Av. Entre Ríos N° 685
556,25.725.535,Agostina,Garcia,29/06/06,paulinamendoza@example.net,+54 15 2166 4969,Mendoza,Calle 5 N° 3833
557,28 702 406,Antonella,   caceres  ,1939-07-21,sanchezbautista-benjamin@example.com,+54 9 3362 7023,Neuquén,Calle Comodoro Rivadavia N° 4631
558,20318987,Ramiro,  FARIAS  ,1962-12-12,gfernandez@example.com,+54 9 3737 6731,Tucumán,Diagonal 3 N° 575
559,34-410-072,Matias,Rojas,11/12/60,diazsofia@example.org,,Entre Ríos,Diagonal  Saavedra N° 450
560,43 431 337,  lorenzo  ,Romero,16/05/1983,tfernandez@example.com,+54 9 3904 6226,Chaco,Av.  Belgrano N° 711
561,41-410-185,MATEO,Fernandez,19/08/72,pgonzalez@example.net,+54 9 3860 4641,Córdoba,Diagonal Tierra del Fuego N° 628
562,35976000,Martín,chavez,1974-06-10,faguero@example.org,+54 15 2859 4389,Tucumán,Av. La Plata N° 88
563,35.663.311,Guadalupe,paez,1985-09-24,pedro40@example.net,+54 9 3624 5607,Buenos Aires,Calle Bahía Blanca N° 970
564,29.407.248,Valentina,RODRIGUEZ,12/07/42,juan-manuelbenitez@example.com,+54 9 3179 3897,Mendoza,Avenida 3 N° 719
565,41-608-602,Giovanni,Rodriguez,01/05/03,ciro02@example.net,+54 9 3516 1394,Córdoba,  Av. Entre Ríos N° 608  
566,39.870.950,DELFINA,Maidana,1955-09-07,victoriacarrizo@example.net,+54 9 3124 4063,Mendoza,Diagonal Güemes N° 629
567,32.248.167,   delfina  ,Gonzalez,28-04-1959,cabreraian-benjamin@example.net,+54 9 3896 9586,Chaco,Calle G. Brown N° 387
568,43587652,Ian,AGUIRRE,24/06/74,felicitasperez@example.org,+54 15 2678 5138,Tucumán,Diagonal La Rioja N° 303
569,31.178.476,julian,ortiz,13/12/1965,cardozoemilia@example.net,+54 9 3236 8269,Tucumán,Avenida 2 N° 327
570,20 723 628,Nicolas,Sosa,10-07-1951,juan-cruz51@example.net,+54 9 3888 8636,Misiones,  Avenida Omar Nuñez N° 752  
571,39474444,Benjamin,rivero,27/04/1991,thiago-ezequielgomez@example.net,+54 9 3366 3093,Mendoza,  Av. Catamarca N° 166  
572,39316685,tomas,lopez,15/04/81,moyanobenjamin@example.net,,Misiones,Boulevard 4 N° 214
573,41 037 707,  sofia  ,Medina,06/07/1953,yolivera@example.org,+54 9 3881 9523,Córdoba,Calle Tucumán N° 79
574,29 234 717,  Jeronimo  ,GUZMAN,05/10/1940,,+54 15 2598 0770,Neuquén,Diag.  Alvear N° 9586
575,39.893.718,Pedro,Gomez,13-04-1946,,+54 15 2456 5237,Misiones,Avenida  San Luis N° 84
576,38 658 282,MATILDA,ROMERO,1985-12-08,maia49@example.com,+54 15 2622 8403,,Diagonal Jujuy N° 5289
577,21.313.426,luz  milagros,Peralta,1946-11-25,felipegarcia@example.com,+54 9 3130 3942,Misiones,Diagonal Merlo N° 8836
578,28-332-809,RENZO,Moreno,27/06/78,bruno67@example.net,+54 15 2287 2760,Entre Ríos,Avenida Comodoro Rivadavia N° 24
579,42233736,  benicio  ,medina,03/04/2002,mansillajuan-gabriel@example.net,+54 15 2935 0615,Neuquén,Av. 9 N° 1881
580,41.802.627,Tiziano,Martinez,26/04/1954,,+54 15 2572 0948,Mendoza,Calle 2 N° 5218
581,37.160.657,Sofia,Martinez,25/03/1991,,+54 9 3813 7171,Córdoba,Av. 4 N° 147
582,22-985-477,Candela,gomez,05/05/2000,salvadorgodoy@example.com,,Córdoba,Av. Santa Fe N° 468
583,36428874,Victoria,Castro,02/03/1958,wgomez@example.org,+54 9 3305 8772,Santa Fe,Av. 5 N° 86
584,37 840 292,Luca,rojas,16-12-1948,,+54 9 3458 7149,Entre Ríos,Calle Córdoba N° 73
585,43 715 828,elena,Cabrera,04/02/47,yferreyra@example.com,+54 9 3534 7452,Mendoza,Avenida Merlo N° 774
586,33-640-372,PAULINA,gonzalez,2004-03-30,martinbenicio@example.org,+54 9 3640 3344,Chaco,  Av. 7 N° 448  
587,42.717.459,Ana Paula,BENITEZ,1955-08-16,martinezjuan-cruz@example.com,+54 9 3706 7349,Entre Ríos,Calle 6 N° 855
588,37720478,Santino,fernandez,13/05/1990,maria-belen62@example.org,+54 9 3693 8173,Salta,Diagonal Formosa N° 143
589,31.340.008,THIAGO NAHUEL,Rodriguez,30/12/92,maximiliano57@example.net,+54 15 2625 7375,Misiones,  Blv. 5 N° 320  
590,40 728 206,SANTINO BENJAMIN,Flores,20-06-1994,riveroisabella@example.net,+54 9 3909 6085,,Av. Santa Fe N° 22
591,37.753.534,  Martin  ,vargas,11/06/74,silvavalentin@example.net,+54 15 2616 4772,Salta,Diagonal 6 N° 176
592,34 716 036,  dante  ,GONZALEZ,01/02/1996,gonzalezjuan-cruz@example.org,+54 9 3639 5873,Santa Fe,Diagonal Mitre N° 34
593,25.379.194,Julieta,GOMEZ,26/07/1974,vargasjuan-pablo@example.org,+54 9 3753 3342,Salta,Avenida 150 A N° 82
594,33.047.590,ZOE JAZMIN,torres,13/01/1968,,+54 15 2936 9112,Salta,Diagonal Belgrano N° 42
595,29-712-888,  Nahiara Jazmin  ,villalba,15-10-1961,renata31@example.net,+54 9 3174 8170,Mendoza,Av. Santiago del Estero N° 65
596,23.458.283,luana,benitez,1997-07-07,francisco16@example.com,+54 15 2145 0232,Santa Fe,Calle  8 N° 4059
597,21 709 778,Thiago,ramirez,1947-02-14,joaquingutierrez@example.org,+54 15 2551 2073,Tucumán,Avenida Rosario N° 115
598,43 876 850,ignacio,  PAEZ  ,14-02-1938,ian-ezequielgonzalez@example.com,+54 15 2721 0531,Neuquén,Calle 176 B N° 3817
599,32-199-762,  Josefina  ,herrera,15-07-2001,juan-cruzrojas@example.net,+54 15 2977 9323,Neuquén,Boulevard 4 N° 715
600,32886558,  ANGELINA  ,  GOMEZ  ,21/02/1952,sebastiansanchez@example.net,+54 9 3698 8942,Córdoba,Diagonal Neuquén N° 701
601,38.498.673,TIZIANO,ROLDAN,18-01-1985,olivia21@example.net,+54 9 3701 6315,Mendoza,Avenida Alem N° 847
602,31.477.130,JUANA,  gomez  ,14/05/1959,lolaquiroga@example.com,+54 9 3218 9813,Córdoba,Av. 3 N° 86
603,39.870.950,DELFINA,Maidana,1955-09-07,victoriacarrizo@example.net,+54 9 3124 4063,Mendoza,Diagonal Güemes N° 629
604,42 325 123,SOFIA,  Fernandez  ,11/01/1941,tiziano-valentinacosta@example.org,+54 9 3351 8844,Córdoba,Boulevard Santa Fe N° 69
605,31 795 578,RENATA,QUIROGA,06-04-1990,valentina-jazmin85@example.net,+54 15 2333 9452,Tucumán,Diagonal La Pampa N° 958
606,42 470 129,FELIPE,PEREZ,03-07-1968,maria-luzcabrera@example.org,+54 15 2179 1456,Mendoza,Calle Salta N° 9995
607,43.148.116,MICAELA,Mendez,1942-10-09,martingabriel@example.org,,Buenos Aires,Blv. Córdoba N° 7794
608,26402255,MORA,RUIZ,23/05/1939,ofernandez@example.com,+54 15 2265 8263,Misiones,Calle Chaco N° 569
609,29.347.198,FRANCISCO,VELAZQUEZ,12-06-1993,,+54 9 3578 2911,Tucumán,Diagonal Chilecito N° 263
610,41 045 356,FELIPE,NAVARRO,30-05-1966,valentinoflores@example.com,,Neuquén,Calle G. Brown N° 712
611,29 174 617,FRANCISCA,acuña,02/07/1966,martinjuan-martin@example.com,+54 15 2298 3273,Salta,Av. Bahía Blanca N° 7993
612,24317226,LAUTARO,Romero,16/11/92,gsosa@example.com,,Santa Fe,Diagonal Córdoba N° 3398
613,22892911,KIARA,Ayala,1952-05-25,eperez@example.net,+54 9 3489 0250,Córdoba,Diagonal Tierra del Fuego N° 3144
614,31.340.008,THIAGO NAHUEL,Rodriguez,30/12/92,maximiliano57@example.net,+54 15 2625 7375,Misiones,  Blv. 5 N° 320  
615,20 361 830,JULIA,Sanchez,25-03-1964,catalina90@example.net,,Neuquén,Diagonal 1 N° 650
616,33 984 667,SEBASTIAN,silva,1941-05-09,ayalaignacio@example.com,+54 9 3513 9060,Misiones,Avenida San Luis N° 94
617,23 576 476,PILAR,  Sosa  ,1954-06-26,emiliano48@example.org,+54 15 2813 6783,Misiones,Av. Ciudad Autónoma de Buenos Aires N° 47
618,32-799-176,MORA,Perez,1975-09-02,thiago-benjamincampos@example.com,+54 9 3627 6365,Córdoba,Avenida Saavedra N° 492
